<?xml version="1.0" encoding="UTF-8"?>
<superheroes>
  <superhero>
    <name>Selina Kyle </name>
    <gender> Female</gender>
    <eMail> selina@whiskas.com  </eMail>
    <birthYear> 1977</birthYear>
    <heroName> Catwoman</heroName>
    <spandex> Yes</spandex>
    <strength>6 </strength>
    <speed> 6</speed>
    <intelligence> 9</intelligence>
    <wealth> 2 987 323</wealth>
    <income> 0</income>
    <tax> 597 464</tax>
  </superhero>

  <superhero>
    <name>Bruce Wayne</name>
    <gender> Male</gender>
    <eMail> bruce@wayneenterprises.com</eMail>
    <birthYear> 1974</birthYear>
    <heroName> Batman</heroName>
    <spandex> No</spandex>
    <strength> 7</strength>
    <speed>  4</speed>
    <intelligence> 9</intelligence>
    <wealth> 50 144 501</wealth>
    <income>3 343 891 </income>
    <tax> 11 132 384</tax>
  </superhero>

  <superhero>
    <name>Nick Nedd</name>
    <gender> Male</gender>
    <eMail> nick@tick.com </eMail>
    <birthYear> 1976</birthYear>
    <heroName> The Tick</heroName>
    <spandex> Yes</spandex>
    <strength> 9</strength>
    <speed> 7</speed>
    <intelligence> 5</intelligence>
    <wealth> 0</wealth>
    <income> 90 287</income>
    <tax> 29 794</tax>
  </superhero>
</superheroes>
